order_id,order_date,region,country,store_name,product,category,quantity,unit_price,total_sales,cost,profit
1001,2024-03-10,South America,Argentina,Mall Outlet Argentina,Cold Brew,Drink,83,4.5,373.5,232.4,141.1
1002,2024-03-01,Africa,South Africa,University Cafe South Africa,Americano,Drink,18,3.8,68.4,37.8,30.6
1003,2024-02-21,Europe,Germany,University Cafe Germany,Blueberry Muffin,Snack,50,2.5,125.0,60.0,65.0
1004,2024-02-11,North America,USA,Business District USA,Latte,Drink,17,4.0,68.0,42.5,25.5
1005,2024-02-18,South America,Brazil,University Cafe Brazil,Latte,Drink,50,4.0,200.0,125.0,75.0
1006,2024-01-27,Europe,Germany,Mall Outlet Germany,Latte,Drink,89,4.0,356.0,222.5,133.5
1007,2024-01-08,North America,Canada,Mall Outlet Canada,Espresso,Drink,62,3.5,217.0,124.0,93.0
1008,2024-06-24,Asia,Japan,Airport Kiosk Japan,Latte,Drink,51,4.0,204.0,127.5,76.5
1009,2024-01-08,North America,Canada,Mall Outlet Canada,Cold Brew,Drink,75,4.5,337.5,210.0,127.5
1010,2024-01-21,Asia,China,Airport Kiosk China,Cappuccino,Drink,91,4.2,382.2,245.7,136.5
1011,2024-03-27,Europe,Germany,Business District Germany,Latte,Drink,41,4.0,164.0,102.5,61.5
1012,2024-06-09,South America,Argentina,University Cafe Argentina,Espresso,Drink,68,3.5,238.0,136.0,102.0
1013,2024-05-10,North America,Canada,Business District Canada,Latte,Drink,13,4.0,52.0,32.5,19.5
1014,2024-04-11,South America,Argentina,Airport Kiosk Argentina,Latte,Drink,100,4.0,400.0,250.0,150.0
1015,2024-04-01,Asia,India,Airport Kiosk India,Chocolate Croissant,Snack,41,3.0,123.0,61.5,61.5
1016,2024-05-25,Asia,India,Business District India,Cappuccino,Drink,36,4.2,151.2,97.2,54.0
1017,2024-04-05,Asia,China,University Cafe China,Chocolate Croissant,Snack,32,3.0,96.0,48.0,48.0
1018,2024-03-23,South America,Brazil,University Cafe Brazil,Cappuccino,Drink,86,4.2,361.2,232.2,129.0
1019,2024-01-20,North America,USA,Airport Kiosk USA,Chocolate Croissant,Snack,52,3.0,156.0,78.0,78.0
1020,2024-01-08,South America,Argentina,Business District Argentina,Americano,Drink,19,3.8,72.2,39.9,32.3
1021,2024-03-05,North America,Mexico,Business District Mexico,Bagel,Snack,61,2.8,170.8,85.4,85.4
1022,2024-05-19,Europe,France,Business District France,Bagel,Snack,83,2.8,232.4,116.2,116.2
1023,2024-05-26,Asia,Japan,Downtown Japan,Americano,Drink,16,3.8,60.8,33.6,27.2
1024,2024-03-27,South America,Brazil,Mall Outlet Brazil,Cold Brew,Drink,22,4.5,99.0,61.6,37.4
1025,2024-03-18,Europe,France,Business District France,Latte,Drink,81,4.0,324.0,202.5,121.5
1026,2024-01-17,Asia,China,Mall Outlet China,Espresso,Drink,71,3.5,248.5,142.0,106.5
1027,2024-03-08,Europe,UK,Business District UK,Bagel,Snack,43,2.8,120.4,60.2,60.2
1028,2024-01-16,North America,Canada,Business District Canada,Cappuccino,Drink,62,4.2,260.4,167.4,93.0
1029,2024-03-09,North America,USA,University Cafe USA,Blueberry Muffin,Snack,97,2.5,242.5,116.4,126.1
1030,2024-05-16,Africa,South Africa,Mall Outlet South Africa,Cappuccino,Drink,29,4.2,121.8,78.3,43.5
1031,2024-02-04,North America,Canada,Mall Outlet Canada,Americano,Drink,19,3.8,72.2,39.9,32.3
1032,2024-03-10,Africa,Kenya,Business District Kenya,Latte,Drink,33,4.0,132.0,82.5,49.5
1033,2024-02-25,Europe,UK,Business District UK,Latte,Drink,52,4.0,208.0,130.0,78.0
1034,2024-03-01,Africa,South Africa,Airport Kiosk South Africa,Bagel,Snack,67,2.8,187.6,93.8,93.8
1035,2024-01-18,South America,Argentina,Mall Outlet Argentina,Bagel,Snack,15,2.8,42.0,21.0,21.0
1036,2024-06-13,Africa,South Africa,Business District South Africa,Espresso,Drink,61,3.5,213.5,122.0,91.5
1037,2024-05-31,South America,Argentina,Business District Argentina,Bagel,Snack,52,2.8,145.6,72.8,72.8
1038,2024-05-16,Asia,Japan,University Cafe Japan,Chocolate Croissant,Snack,12,3.0,36.0,18.0,18.0
1039,2024-05-19,Europe,France,Mall Outlet France,Cold Brew,Drink,60,4.5,270.0,168.0,102.0
1040,2024-06-02,Europe,UK,Downtown UK,Bagel,Snack,13,2.8,36.4,18.2,18.2
1041,2024-05-12,South America,Brazil,University Cafe Brazil,Bagel,Snack,10,2.8,28.0,14.0,14.0
1042,2024-03-08,Africa,Kenya,Mall Outlet Kenya,Blueberry Muffin,Snack,48,2.5,120.0,57.6,62.4
1043,2024-05-07,Africa,Kenya,Downtown Kenya,Bagel,Snack,94,2.8,263.2,131.6,131.6
1044,2024-03-26,North America,Canada,Downtown Canada,Latte,Drink,96,4.0,384.0,240.0,144.0
1045,2024-04-05,Asia,China,Business District China,Blueberry Muffin,Snack,87,2.5,217.5,104.4,113.1
1046,2024-03-06,Europe,Germany,University Cafe Germany,Cold Brew,Drink,44,4.5,198.0,123.2,74.8
1047,2024-05-18,North America,Mexico,Airport Kiosk Mexico,Americano,Drink,64,3.8,243.2,134.4,108.8
1048,2024-01-22,North America,USA,Mall Outlet USA,Latte,Drink,100,4.0,400.0,250.0,150.0
1049,2024-03-27,North America,Mexico,Business District Mexico,Blueberry Muffin,Snack,18,2.5,45.0,21.6,23.4
1050,2024-04-13,North America,Canada,Business District Canada,Cold Brew,Drink,98,4.5,441.0,274.4,166.6
1051,2024-02-02,Asia,Japan,Mall Outlet Japan,Blueberry Muffin,Snack,78,2.5,195.0,93.6,101.4
1052,2024-05-03,South America,Brazil,Business District Brazil,Latte,Drink,51,4.0,204.0,127.5,76.5
1053,2024-03-26,Africa,Kenya,Airport Kiosk Kenya,Americano,Drink,18,3.8,68.4,37.8,30.6
1054,2024-03-02,Asia,India,Mall Outlet India,Blueberry Muffin,Snack,63,2.5,157.5,75.6,81.9
1055,2024-06-22,North America,Mexico,Mall Outlet Mexico,Cappuccino,Drink,70,4.2,294.0,189.0,105.0
1056,2024-02-11,South America,Argentina,Business District Argentina,Espresso,Drink,47,3.5,164.5,94.0,70.5
1057,2024-03-25,Africa,Kenya,Downtown Kenya,Latte,Drink,17,4.0,68.0,42.5,25.5
1058,2024-04-04,North America,Canada,Mall Outlet Canada,Chocolate Croissant,Snack,50,3.0,150.0,75.0,75.0
1059,2024-05-22,Africa,South Africa,Mall Outlet South Africa,Bagel,Snack,65,2.8,182.0,91.0,91.0
1060,2024-05-29,Europe,Germany,Mall Outlet Germany,Espresso,Drink,70,3.5,245.0,140.0,105.0
1061,2024-04-05,Africa,Kenya,Mall Outlet Kenya,Bagel,Snack,15,2.8,42.0,21.0,21.0
1062,2024-03-11,Africa,South Africa,University Cafe South Africa,Americano,Drink,16,3.8,60.8,33.6,27.2
1063,2024-02-29,Asia,China,Airport Kiosk China,Espresso,Drink,14,3.5,49.0,28.0,21.0
1064,2024-04-24,Europe,France,University Cafe France,Bagel,Snack,82,2.8,229.6,114.8,114.8
1065,2024-01-09,Africa,South Africa,Mall Outlet South Africa,Latte,Drink,95,4.0,380.0,237.5,142.5
1066,2024-05-29,Asia,China,Business District China,Americano,Drink,98,3.8,372.4,205.8,166.6
1067,2024-05-01,North America,Canada,University Cafe Canada,Espresso,Drink,80,3.5,280.0,160.0,120.0
1068,2024-03-25,Europe,Germany,Airport Kiosk Germany,Chocolate Croissant,Snack,92,3.0,276.0,138.0,138.0
1069,2024-01-29,Africa,Kenya,Mall Outlet Kenya,Cold Brew,Drink,71,4.5,319.5,198.8,120.7
1070,2024-02-19,North America,USA,University Cafe USA,Americano,Drink,59,3.8,224.2,123.9,100.3
1071,2024-04-22,North America,USA,Mall Outlet USA,Americano,Drink,89,3.8,338.2,186.9,151.3
1072,2024-04-22,Europe,Germany,Business District Germany,Latte,Drink,42,4.0,168.0,105.0,63.0
1073,2024-05-03,Europe,Germany,University Cafe Germany,Americano,Drink,61,3.8,231.8,128.1,103.7
1074,2024-01-28,North America,Canada,Mall Outlet Canada,Bagel,Snack,40,2.8,112.0,56.0,56.0
1075,2024-03-17,South America,Brazil,Downtown Brazil,Chocolate Croissant,Snack,11,3.0,33.0,16.5,16.5
1076,2024-01-03,Africa,Kenya,Downtown Kenya,Latte,Drink,67,4.0,268.0,167.5,100.5
1077,2024-02-05,Africa,South Africa,Business District South Africa,Bagel,Snack,65,2.8,182.0,91.0,91.0
1078,2024-05-01,South America,Argentina,Airport Kiosk Argentina,Cold Brew,Drink,53,4.5,238.5,148.4,90.1
1079,2024-03-14,Africa,South Africa,Downtown South Africa,Chocolate Croissant,Snack,93,3.0,279.0,139.5,139.5
1080,2024-05-04,North America,USA,Downtown USA,Bagel,Snack,41,2.8,114.8,57.4,57.4
1081,2024-04-20,Africa,South Africa,Downtown South Africa,Espresso,Drink,34,3.5,119.0,68.0,51.0
1082,2024-06-11,Asia,India,Downtown India,Chocolate Croissant,Snack,61,3.0,183.0,91.5,91.5
1083,2024-05-23,Asia,Japan,Airport Kiosk Japan,Chocolate Croissant,Snack,22,3.0,66.0,33.0,33.0
1084,2024-02-11,Europe,UK,Mall Outlet UK,Cold Brew,Drink,52,4.5,234.0,145.6,88.4
1085,2024-05-15,Europe,UK,University Cafe UK,Blueberry Muffin,Snack,68,2.5,170.0,81.6,88.4
1086,2024-06-06,Asia,India,Business District India,Americano,Drink,22,3.8,83.6,46.2,37.4
1087,2024-02-13,Asia,Japan,University Cafe Japan,Bagel,Snack,92,2.8,257.6,128.8,128.8
1088,2024-02-12,Asia,India,Business District India,Americano,Drink,83,3.8,315.4,174.3,141.1
1089,2024-05-23,Asia,Japan,Airport Kiosk Japan,Bagel,Snack,50,2.8,140.0,70.0,70.0
1090,2024-05-03,Africa,South Africa,Downtown South Africa,Chocolate Croissant,Snack,85,3.0,255.0,127.5,127.5
1091,2024-05-12,North America,Mexico,Mall Outlet Mexico,Cold Brew,Drink,63,4.5,283.5,176.4,107.1
1092,2024-04-04,North America,Mexico,Downtown Mexico,Blueberry Muffin,Snack,92,2.5,230.0,110.4,119.6
1093,2024-05-20,Europe,UK,Airport Kiosk UK,Blueberry Muffin,Snack,92,2.5,230.0,110.4,119.6
1094,2024-04-27,Africa,South Africa,University Cafe South Africa,Cold Brew,Drink,21,4.5,94.5,58.8,35.7
1095,2024-06-24,Europe,UK,Downtown UK,Cold Brew,Drink,12,4.5,54.0,33.6,20.4
1096,2024-06-14,Europe,UK,University Cafe UK,Blueberry Muffin,Snack,39,2.5,97.5,46.8,50.7
1097,2024-03-05,Europe,Germany,Mall Outlet Germany,Latte,Drink,39,4.0,156.0,97.5,58.5
1098,2024-05-08,South America,Brazil,Airport Kiosk Brazil,Blueberry Muffin,Snack,73,2.5,182.5,87.6,94.9
1099,2024-01-14,Africa,Kenya,Downtown Kenya,Chocolate Croissant,Snack,38,3.0,114.0,57.0,57.0
1100,2024-03-19,Africa,Kenya,University Cafe Kenya,Cappuccino,Drink,48,4.2,201.6,129.6,72.0
1101,2024-04-29,North America,Mexico,Downtown Mexico,Latte,Drink,72,4.0,288.0,180.0,108.0
1102,2024-03-30,Africa,South Africa,Business District South Africa,Cappuccino,Drink,12,4.2,50.4,32.4,18.0
1103,2024-02-29,South America,Brazil,Mall Outlet Brazil,Bagel,Snack,59,2.8,165.2,82.6,82.6
1104,2024-02-04,Africa,South Africa,Business District South Africa,Americano,Drink,76,3.8,288.8,159.6,129.2
1105,2024-01-01,South America,Brazil,Mall Outlet Brazil,Cold Brew,Drink,32,4.5,144.0,89.6,54.4
1106,2024-03-04,South America,Brazil,Downtown Brazil,Espresso,Drink,79,3.5,276.5,158.0,118.5
1107,2024-01-12,South America,Argentina,Airport Kiosk Argentina,Blueberry Muffin,Snack,16,2.5,40.0,19.2,20.8
1108,2024-06-10,Africa,South Africa,University Cafe South Africa,Espresso,Drink,13,3.5,45.5,26.0,19.5
1109,2024-04-07,Europe,France,University Cafe France,Cold Brew,Drink,14,4.5,63.0,39.2,23.8
1110,2024-06-05,North America,Mexico,Downtown Mexico,Latte,Drink,93,4.0,372.0,232.5,139.5
1111,2024-02-05,Asia,India,Business District India,Cappuccino,Drink,95,4.2,399.0,256.5,142.5
1112,2024-01-31,North America,Canada,Downtown Canada,Bagel,Snack,50,2.8,140.0,70.0,70.0
1113,2024-03-07,North America,USA,Airport Kiosk USA,Americano,Drink,96,3.8,364.8,201.6,163.2
1114,2024-04-18,Europe,France,Business District France,Bagel,Snack,71,2.8,198.8,99.4,99.4
1115,2024-06-05,South America,Brazil,Downtown Brazil,Espresso,Drink,17,3.5,59.5,34.0,25.5
1116,2024-01-01,North America,USA,Airport Kiosk USA,Americano,Drink,19,3.8,72.2,39.9,32.3
1117,2024-05-24,South America,Brazil,University Cafe Brazil,Blueberry Muffin,Snack,73,2.5,182.5,87.6,94.9
1118,2024-06-16,South America,Brazil,Business District Brazil,Cappuccino,Drink,21,4.2,88.2,56.7,31.5
1119,2024-01-12,North America,Mexico,Airport Kiosk Mexico,Chocolate Croissant,Snack,77,3.0,231.0,115.5,115.5
1120,2024-03-10,South America,Brazil,Mall Outlet Brazil,Blueberry Muffin,Snack,52,2.5,130.0,62.4,67.6
1121,2024-04-25,Asia,Japan,University Cafe Japan,Blueberry Muffin,Snack,65,2.5,162.5,78.0,84.5
1122,2024-03-04,Africa,South Africa,University Cafe South Africa,Chocolate Croissant,Snack,44,3.0,132.0,66.0,66.0
1123,2024-03-27,North America,Mexico,Downtown Mexico,Chocolate Croissant,Snack,47,3.0,141.0,70.5,70.5
1124,2024-03-25,North America,Mexico,Business District Mexico,Espresso,Drink,34,3.5,119.0,68.0,51.0
1125,2024-05-14,Africa,Kenya,Business District Kenya,Americano,Drink,93,3.8,353.4,195.3,158.1
1126,2024-06-07,Africa,Kenya,Business District Kenya,Latte,Drink,90,4.0,360.0,225.0,135.0
1127,2024-01-13,Asia,Japan,Airport Kiosk Japan,Espresso,Drink,37,3.5,129.5,74.0,55.5
1128,2024-05-17,North America,Mexico,Mall Outlet Mexico,Chocolate Croissant,Snack,63,3.0,189.0,94.5,94.5
1129,2024-04-13,Asia,India,Airport Kiosk India,Blueberry Muffin,Snack,39,2.5,97.5,46.8,50.7
1130,2024-06-18,Asia,Japan,Business District Japan,Chocolate Croissant,Snack,97,3.0,291.0,145.5,145.5
1131,2024-04-06,Africa,South Africa,Mall Outlet South Africa,Bagel,Snack,15,2.8,42.0,21.0,21.0
1132,2024-06-26,South America,Argentina,Airport Kiosk Argentina,Americano,Drink,31,3.8,117.8,65.1,52.7
1133,2024-02-12,Asia,India,University Cafe India,Cold Brew,Drink,33,4.5,148.5,92.4,56.1
1134,2024-04-19,North America,Canada,Airport Kiosk Canada,Latte,Drink,46,4.0,184.0,115.0,69.0
1135,2024-05-27,North America,Mexico,Mall Outlet Mexico,Latte,Drink,24,4.0,96.0,60.0,36.0
1136,2024-01-04,Asia,China,Downtown China,Chocolate Croissant,Snack,59,3.0,177.0,88.5,88.5
1137,2024-04-01,Europe,France,Mall Outlet France,Bagel,Snack,55,2.8,154.0,77.0,77.0
1138,2024-06-04,North America,Mexico,Mall Outlet Mexico,Americano,Drink,66,3.8,250.8,138.6,112.2
1139,2024-01-19,Europe,UK,Mall Outlet UK,Cappuccino,Drink,84,4.2,352.8,226.8,126.0
1140,2024-02-05,South America,Argentina,Business District Argentina,Blueberry Muffin,Snack,88,2.5,220.0,105.6,114.4
1141,2024-01-10,Africa,South Africa,Downtown South Africa,Cappuccino,Drink,71,4.2,298.2,191.7,106.5
1142,2024-02-28,North America,Canada,Airport Kiosk Canada,Cappuccino,Drink,99,4.2,415.8,267.3,148.5
1143,2024-05-20,Europe,Germany,Mall Outlet Germany,Cappuccino,Drink,71,4.2,298.2,191.7,106.5
1144,2024-03-08,Europe,France,Airport Kiosk France,Chocolate Croissant,Snack,82,3.0,246.0,123.0,123.0
1145,2024-02-08,Africa,South Africa,Business District South Africa,Americano,Drink,90,3.8,342.0,189.0,153.0
1146,2024-05-08,South America,Argentina,Airport Kiosk Argentina,Blueberry Muffin,Snack,40,2.5,100.0,48.0,52.0
1147,2024-04-26,South America,Argentina,Airport Kiosk Argentina,Blueberry Muffin,Snack,70,2.5,175.0,84.0,91.0
1148,2024-05-24,Europe,Germany,Mall Outlet Germany,Espresso,Drink,15,3.5,52.5,30.0,22.5
1149,2024-05-25,Asia,India,Mall Outlet India,Bagel,Snack,68,2.8,190.4,95.2,95.2
1150,2024-03-07,South America,Argentina,Mall Outlet Argentina,Cold Brew,Drink,94,4.5,423.0,263.2,159.8
1151,2024-03-28,Europe,UK,University Cafe UK,Latte,Drink,98,4.0,392.0,245.0,147.0
1152,2024-01-29,South America,Brazil,Mall Outlet Brazil,Cold Brew,Drink,57,4.5,256.5,159.6,96.9
1153,2024-05-15,North America,USA,Mall Outlet USA,Blueberry Muffin,Snack,74,2.5,185.0,88.8,96.2
1154,2024-01-08,Asia,China,Mall Outlet China,Espresso,Drink,64,3.5,224.0,128.0,96.0
1155,2024-06-24,North America,Canada,Airport Kiosk Canada,Bagel,Snack,60,2.8,168.0,84.0,84.0
1156,2024-06-01,Asia,India,Business District India,Bagel,Snack,62,2.8,173.6,86.8,86.8
1157,2024-01-18,Africa,Kenya,Airport Kiosk Kenya,Bagel,Snack,97,2.8,271.6,135.8,135.8
1158,2024-03-17,Africa,South Africa,Downtown South Africa,Americano,Drink,62,3.8,235.6,130.2,105.4
1159,2024-02-02,Asia,Japan,Downtown Japan,Chocolate Croissant,Snack,52,3.0,156.0,78.0,78.0
1160,2024-03-30,Asia,China,Downtown China,Americano,Drink,62,3.8,235.6,130.2,105.4
1161,2024-03-29,North America,Canada,Airport Kiosk Canada,Latte,Drink,32,4.0,128.0,80.0,48.0
1162,2024-04-02,Africa,Kenya,University Cafe Kenya,Chocolate Croissant,Snack,45,3.0,135.0,67.5,67.5
1163,2024-01-06,Africa,Kenya,Business District Kenya,Americano,Drink,99,3.8,376.2,207.9,168.3
1164,2024-02-17,South America,Argentina,Business District Argentina,Americano,Drink,38,3.8,144.4,79.8,64.6
1165,2024-03-10,Europe,UK,Mall Outlet UK,Blueberry Muffin,Snack,50,2.5,125.0,60.0,65.0
1166,2024-05-01,North America,Canada,Business District Canada,Cold Brew,Drink,78,4.5,351.0,218.4,132.6
1167,2024-04-23,North America,Canada,University Cafe Canada,Americano,Drink,66,3.8,250.8,138.6,112.2
1168,2024-05-18,South America,Brazil,Mall Outlet Brazil,Blueberry Muffin,Snack,73,2.5,182.5,87.6,94.9
1169,2024-05-22,North America,Canada,Downtown Canada,Cold Brew,Drink,99,4.5,445.5,277.2,168.3
1170,2024-02-03,Europe,UK,Airport Kiosk UK,Cappuccino,Drink,11,4.2,46.2,29.7,16.5
1171,2024-06-11,Asia,Japan,Airport Kiosk Japan,Espresso,Drink,50,3.5,175.0,100.0,75.0
1172,2024-05-10,Asia,China,Business District China,Americano,Drink,18,3.8,68.4,37.8,30.6
1173,2024-05-17,South America,Brazil,Airport Kiosk Brazil,Latte,Drink,75,4.0,300.0,187.5,112.5
1174,2024-01-27,Europe,UK,Mall Outlet UK,Cold Brew,Drink,90,4.5,405.0,252.0,153.0
1175,2024-05-02,Asia,Japan,Downtown Japan,Latte,Drink,53,4.0,212.0,132.5,79.5
1176,2024-01-08,South America,Argentina,Mall Outlet Argentina,Blueberry Muffin,Snack,48,2.5,120.0,57.6,62.4
1177,2024-05-05,Africa,Kenya,Mall Outlet Kenya,Americano,Drink,20,3.8,76.0,42.0,34.0
1178,2024-02-18,Africa,South Africa,Airport Kiosk South Africa,Latte,Drink,96,4.0,384.0,240.0,144.0
1179,2024-02-06,South America,Argentina,University Cafe Argentina,Bagel,Snack,11,2.8,30.8,15.4,15.4
1180,2024-05-20,Europe,France,University Cafe France,Chocolate Croissant,Snack,20,3.0,60.0,30.0,30.0
1181,2024-06-03,Europe,Germany,University Cafe Germany,Latte,Drink,51,4.0,204.0,127.5,76.5
1182,2024-03-19,Asia,Japan,Airport Kiosk Japan,Latte,Drink,70,4.0,280.0,175.0,105.0
1183,2024-01-03,Asia,China,Airport Kiosk China,Chocolate Croissant,Snack,58,3.0,174.0,87.0,87.0
1184,2024-01-10,Asia,Japan,Downtown Japan,Chocolate Croissant,Snack,51,3.0,153.0,76.5,76.5
1185,2024-03-22,Africa,Kenya,Business District Kenya,Latte,Drink,65,4.0,260.0,162.5,97.5
1186,2024-03-17,Europe,Germany,Business District Germany,Blueberry Muffin,Snack,17,2.5,42.5,20.4,22.1
1187,2024-01-07,South America,Argentina,Mall Outlet Argentina,Bagel,Snack,51,2.8,142.8,71.4,71.4
1188,2024-05-19,North America,Mexico,Mall Outlet Mexico,Cappuccino,Drink,83,4.2,348.6,224.1,124.5
1189,2024-05-28,North America,Canada,University Cafe Canada,Cappuccino,Drink,70,4.2,294.0,189.0,105.0
1190,2024-06-22,Africa,South Africa,Downtown South Africa,Americano,Drink,40,3.8,152.0,84.0,68.0
1191,2024-01-20,Africa,Kenya,Business District Kenya,Espresso,Drink,42,3.5,147.0,84.0,63.0
1192,2024-03-11,South America,Brazil,Mall Outlet Brazil,Americano,Drink,76,3.8,288.8,159.6,129.2
1193,2024-06-04,Europe,UK,Airport Kiosk UK,Espresso,Drink,19,3.5,66.5,38.0,28.5
1194,2024-06-16,Africa,South Africa,Business District South Africa,Bagel,Snack,31,2.8,86.8,43.4,43.4
1195,2024-04-05,Europe,UK,Airport Kiosk UK,Latte,Drink,69,4.0,276.0,172.5,103.5
1196,2024-04-28,South America,Brazil,Downtown Brazil,Cappuccino,Drink,28,4.2,117.6,75.6,42.0
1197,2024-06-08,Africa,Kenya,Downtown Kenya,Cappuccino,Drink,64,4.2,268.8,172.8,96.0
1198,2024-01-03,Europe,UK,University Cafe UK,Chocolate Croissant,Snack,24,3.0,72.0,36.0,36.0
1199,2024-06-12,South America,Brazil,Downtown Brazil,Chocolate Croissant,Snack,77,3.0,231.0,115.5,115.5
1200,2024-03-02,South America,Brazil,University Cafe Brazil,Bagel,Snack,37,2.8,103.6,51.8,51.8
1201,2024-03-06,North America,Canada,Business District Canada,Americano,Drink,56,3.8,212.8,117.6,95.2
1202,2024-01-05,North America,Canada,Mall Outlet Canada,Espresso,Drink,72,3.5,252.0,144.0,108.0
1203,2024-04-03,Africa,South Africa,Mall Outlet South Africa,Espresso,Drink,71,3.5,248.5,142.0,106.5
1204,2024-04-15,South America,Brazil,Business District Brazil,Blueberry Muffin,Snack,88,2.5,220.0,105.6,114.4
1205,2024-04-29,North America,USA,Downtown USA,Latte,Drink,75,4.0,300.0,187.5,112.5
1206,2024-04-19,South America,Brazil,Mall Outlet Brazil,Bagel,Snack,69,2.8,193.2,96.6,96.6
1207,2024-05-28,North America,Mexico,Mall Outlet Mexico,Espresso,Drink,22,3.5,77.0,44.0,33.0
1208,2024-05-30,Asia,Japan,Business District Japan,Blueberry Muffin,Snack,82,2.5,205.0,98.4,106.6
1209,2024-06-01,South America,Brazil,Downtown Brazil,Chocolate Croissant,Snack,19,3.0,57.0,28.5,28.5
1210,2024-03-08,Asia,India,Business District India,Cappuccino,Drink,30,4.2,126.0,81.0,45.0
1211,2024-03-21,Asia,Japan,Airport Kiosk Japan,Chocolate Croissant,Snack,56,3.0,168.0,84.0,84.0
1212,2024-01-30,Europe,Germany,Downtown Germany,Blueberry Muffin,Snack,77,2.5,192.5,92.4,100.1
1213,2024-01-19,Europe,UK,Airport Kiosk UK,Chocolate Croissant,Snack,76,3.0,228.0,114.0,114.0
1214,2024-01-25,Europe,France,University Cafe France,Blueberry Muffin,Snack,22,2.5,55.0,26.4,28.6
1215,2024-05-10,North America,USA,Mall Outlet USA,Espresso,Drink,45,3.5,157.5,90.0,67.5
1216,2024-05-01,Africa,South Africa,University Cafe South Africa,Cappuccino,Drink,46,4.2,193.2,124.2,69.0
1217,2024-05-18,Europe,UK,Mall Outlet UK,Cappuccino,Drink,84,4.2,352.8,226.8,126.0
1218,2024-04-11,Asia,China,Airport Kiosk China,Chocolate Croissant,Snack,77,3.0,231.0,115.5,115.5
1219,2024-06-20,Africa,Kenya,University Cafe Kenya,Cold Brew,Drink,97,4.5,436.5,271.6,164.9
1220,2024-02-17,North America,USA,Mall Outlet USA,Cappuccino,Drink,55,4.2,231.0,148.5,82.5
1221,2024-02-23,Europe,France,University Cafe France,Blueberry Muffin,Snack,96,2.5,240.0,115.2,124.8
1222,2024-01-23,Africa,Kenya,Mall Outlet Kenya,Americano,Drink,15,3.8,57.0,31.5,25.5
1223,2024-03-30,South America,Argentina,Mall Outlet Argentina,Chocolate Croissant,Snack,84,3.0,252.0,126.0,126.0
1224,2024-06-24,Asia,Japan,Business District Japan,Cappuccino,Drink,28,4.2,117.6,75.6,42.0
1225,2024-05-24,North America,Canada,Mall Outlet Canada,Espresso,Drink,55,3.5,192.5,110.0,82.5
1226,2024-01-21,Asia,Japan,Airport Kiosk Japan,Bagel,Snack,43,2.8,120.4,60.2,60.2
1227,2024-02-06,Africa,South Africa,Mall Outlet South Africa,Latte,Drink,100,4.0,400.0,250.0,150.0
1228,2024-04-19,Africa,Kenya,Downtown Kenya,Cappuccino,Drink,34,4.2,142.8,91.8,51.0
1229,2024-03-25,Europe,UK,Mall Outlet UK,Espresso,Drink,26,3.5,91.0,52.0,39.0
1230,2024-05-13,Asia,India,Downtown India,Espresso,Drink,14,3.5,49.0,28.0,21.0
1231,2024-06-23,Europe,France,Downtown France,Chocolate Croissant,Snack,25,3.0,75.0,37.5,37.5
1232,2024-03-23,Africa,South Africa,University Cafe South Africa,Americano,Drink,95,3.8,361.0,199.5,161.5
1233,2024-05-29,Asia,India,Business District India,Chocolate Croissant,Snack,77,3.0,231.0,115.5,115.5
1234,2024-03-14,South America,Brazil,Downtown Brazil,Americano,Drink,12,3.8,45.6,25.2,20.4
1235,2024-06-15,Asia,China,Business District China,Americano,Drink,17,3.8,64.6,35.7,28.9
1236,2024-05-31,Europe,France,Airport Kiosk France,Cappuccino,Drink,88,4.2,369.6,237.6,132.0
1237,2024-02-20,Europe,Germany,University Cafe Germany,Cappuccino,Drink,71,4.2,298.2,191.7,106.5
1238,2024-01-25,Africa,South Africa,University Cafe South Africa,Bagel,Snack,32,2.8,89.6,44.8,44.8
1239,2024-01-07,Europe,Germany,Mall Outlet Germany,Bagel,Snack,82,2.8,229.6,114.8,114.8
1240,2024-05-20,Africa,Kenya,Business District Kenya,Chocolate Croissant,Snack,51,3.0,153.0,76.5,76.5
1241,2024-05-20,Europe,UK,Business District UK,Latte,Drink,70,4.0,280.0,175.0,105.0
1242,2024-02-11,Asia,Japan,Downtown Japan,Latte,Drink,43,4.0,172.0,107.5,64.5
1243,2024-01-28,South America,Argentina,University Cafe Argentina,Cappuccino,Drink,75,4.2,315.0,202.5,112.5
1244,2024-06-23,North America,Mexico,Downtown Mexico,Chocolate Croissant,Snack,13,3.0,39.0,19.5,19.5
1245,2024-06-01,South America,Argentina,University Cafe Argentina,Cappuccino,Drink,33,4.2,138.6,89.1,49.5
1246,2024-03-06,Asia,India,Business District India,Cappuccino,Drink,66,4.2,277.2,178.2,99.0
1247,2024-05-30,Europe,Germany,Airport Kiosk Germany,Americano,Drink,79,3.8,300.2,165.9,134.3
1248,2024-02-29,Africa,South Africa,Business District South Africa,Americano,Drink,14,3.8,53.2,29.4,23.8
1249,2024-06-25,Europe,France,Mall Outlet France,Chocolate Croissant,Snack,93,3.0,279.0,139.5,139.5
1250,2024-03-21,Europe,UK,University Cafe UK,Cappuccino,Drink,45,4.2,189.0,121.5,67.5
1251,2024-02-14,South America,Argentina,Airport Kiosk Argentina,Bagel,Snack,19,2.8,53.2,26.6,26.6
1252,2024-05-09,South America,Argentina,Business District Argentina,Latte,Drink,29,4.0,116.0,72.5,43.5
1253,2024-02-23,Europe,Germany,Mall Outlet Germany,Bagel,Snack,90,2.8,252.0,126.0,126.0
1254,2024-02-17,Africa,Kenya,University Cafe Kenya,Espresso,Drink,77,3.5,269.5,154.0,115.5
1255,2024-01-11,North America,Canada,Airport Kiosk Canada,Americano,Drink,67,3.8,254.6,140.7,113.9
1256,2024-05-21,North America,Mexico,Airport Kiosk Mexico,Bagel,Snack,77,2.8,215.6,107.8,107.8
1257,2024-06-01,Africa,Kenya,Airport Kiosk Kenya,Espresso,Drink,45,3.5,157.5,90.0,67.5
1258,2024-04-07,North America,Mexico,Airport Kiosk Mexico,Cold Brew,Drink,84,4.5,378.0,235.2,142.8
1259,2024-04-02,North America,Canada,Mall Outlet Canada,Espresso,Drink,15,3.5,52.5,30.0,22.5
1260,2024-04-26,Europe,UK,Airport Kiosk UK,Cold Brew,Drink,58,4.5,261.0,162.4,98.6
1261,2024-04-05,Asia,China,University Cafe China,Americano,Drink,68,3.8,258.4,142.8,115.6
1262,2024-04-07,Africa,South Africa,Business District South Africa,Chocolate Croissant,Snack,69,3.0,207.0,103.5,103.5
1263,2024-01-23,Europe,UK,University Cafe UK,Espresso,Drink,28,3.5,98.0,56.0,42.0
1264,2024-06-22,Asia,China,Airport Kiosk China,Cappuccino,Drink,86,4.2,361.2,232.2,129.0
1265,2024-01-05,North America,Canada,Downtown Canada,Cold Brew,Drink,15,4.5,67.5,42.0,25.5
1266,2024-01-06,Africa,South Africa,Mall Outlet South Africa,Blueberry Muffin,Snack,48,2.5,120.0,57.6,62.4
1267,2024-06-16,Europe,France,Mall Outlet France,Cold Brew,Drink,46,4.5,207.0,128.8,78.2
1268,2024-05-16,Asia,India,University Cafe India,Blueberry Muffin,Snack,96,2.5,240.0,115.2,124.8
1269,2024-06-20,Europe,Germany,University Cafe Germany,Americano,Drink,81,3.8,307.8,170.1,137.7
1270,2024-03-25,Europe,France,University Cafe France,Chocolate Croissant,Snack,81,3.0,243.0,121.5,121.5
1271,2024-03-17,Africa,Kenya,Airport Kiosk Kenya,Blueberry Muffin,Snack,99,2.5,247.5,118.8,128.7
1272,2024-02-09,Asia,China,Downtown China,Cappuccino,Drink,84,4.2,352.8,226.8,126.0
1273,2024-05-12,North America,USA,Business District USA,Espresso,Drink,96,3.5,336.0,192.0,144.0
1274,2024-03-02,Africa,Kenya,Business District Kenya,Cold Brew,Drink,64,4.5,288.0,179.2,108.8
1275,2024-05-21,Europe,Germany,Airport Kiosk Germany,Latte,Drink,64,4.0,256.0,160.0,96.0
1276,2024-02-07,South America,Argentina,Business District Argentina,Espresso,Drink,84,3.5,294.0,168.0,126.0
1277,2024-04-13,North America,Canada,Business District Canada,Chocolate Croissant,Snack,35,3.0,105.0,52.5,52.5
1278,2024-02-21,South America,Brazil,Mall Outlet Brazil,Cold Brew,Drink,84,4.5,378.0,235.2,142.8
1279,2024-03-30,Europe,France,Mall Outlet France,Chocolate Croissant,Snack,17,3.0,51.0,25.5,25.5
1280,2024-05-30,Africa,South Africa,University Cafe South Africa,Americano,Drink,64,3.8,243.2,134.4,108.8
1281,2024-01-05,Africa,Kenya,University Cafe Kenya,Latte,Drink,25,4.0,100.0,62.5,37.5
1282,2024-04-18,Africa,Kenya,Business District Kenya,Chocolate Croissant,Snack,50,3.0,150.0,75.0,75.0
1283,2024-02-17,Europe,UK,Downtown UK,Blueberry Muffin,Snack,100,2.5,250.0,120.0,130.0
1284,2024-05-12,Europe,UK,Mall Outlet UK,Cappuccino,Drink,59,4.2,247.8,159.3,88.5
1285,2024-05-09,Europe,UK,University Cafe UK,Chocolate Croissant,Snack,53,3.0,159.0,79.5,79.5
1286,2024-06-14,South America,Argentina,Airport Kiosk Argentina,Espresso,Drink,16,3.5,56.0,32.0,24.0
1287,2024-05-19,North America,Canada,Mall Outlet Canada,Chocolate Croissant,Snack,72,3.0,216.0,108.0,108.0
1288,2024-01-18,North America,Mexico,Airport Kiosk Mexico,Latte,Drink,41,4.0,164.0,102.5,61.5
1289,2024-06-22,North America,Mexico,Downtown Mexico,Latte,Drink,65,4.0,260.0,162.5,97.5
1290,2024-04-25,South America,Brazil,Mall Outlet Brazil,Chocolate Croissant,Snack,75,3.0,225.0,112.5,112.5
1291,2024-04-14,South America,Argentina,Downtown Argentina,Americano,Drink,48,3.8,182.4,100.8,81.6
1292,2024-05-04,Asia,Japan,Downtown Japan,Bagel,Snack,77,2.8,215.6,107.8,107.8
1293,2024-06-23,South America,Argentina,Business District Argentina,Blueberry Muffin,Snack,12,2.5,30.0,14.4,15.6
1294,2024-02-05,South America,Brazil,Airport Kiosk Brazil,Cold Brew,Drink,49,4.5,220.5,137.2,83.3
1295,2024-02-25,South America,Brazil,Business District Brazil,Americano,Drink,16,3.8,60.8,33.6,27.2
1296,2024-03-26,Asia,Japan,Airport Kiosk Japan,Cold Brew,Drink,55,4.5,247.5,154.0,93.5
1297,2024-01-21,North America,Canada,Airport Kiosk Canada,Americano,Drink,49,3.8,186.2,102.9,83.3
1298,2024-04-24,North America,USA,Business District USA,Chocolate Croissant,Snack,13,3.0,39.0,19.5,19.5
1299,2024-06-01,Africa,South Africa,University Cafe South Africa,Cappuccino,Drink,40,4.2,168.0,108.0,60.0
1300,2024-01-26,Asia,China,University Cafe China,Latte,Drink,37,4.0,148.0,92.5,55.5
1301,2024-03-09,Europe,France,Mall Outlet France,Latte,Drink,24,4.0,96.0,60.0,36.0
1302,2024-01-24,South America,Argentina,Downtown Argentina,Cappuccino,Drink,54,4.2,226.8,145.8,81.0
1303,2024-02-15,Europe,UK,Airport Kiosk UK,Chocolate Croissant,Snack,96,3.0,288.0,144.0,144.0
1304,2024-05-06,North America,Canada,Business District Canada,Blueberry Muffin,Snack,42,2.5,105.0,50.4,54.6
1305,2024-02-15,Asia,India,Airport Kiosk India,Latte,Drink,90,4.0,360.0,225.0,135.0
1306,2024-02-01,Africa,Kenya,University Cafe Kenya,Cold Brew,Drink,66,4.5,297.0,184.8,112.2
1307,2024-04-15,Europe,UK,Business District UK,Cold Brew,Drink,14,4.5,63.0,39.2,23.8
1308,2024-02-08,Africa,Kenya,Downtown Kenya,Bagel,Snack,99,2.8,277.2,138.6,138.6
1309,2024-02-25,North America,Mexico,University Cafe Mexico,Bagel,Snack,35,2.8,98.0,49.0,49.0
1310,2024-02-16,Asia,India,Airport Kiosk India,Bagel,Snack,78,2.8,218.4,109.2,109.2
1311,2024-06-20,Africa,South Africa,Business District South Africa,Bagel,Snack,99,2.8,277.2,138.6,138.6
1312,2024-02-14,Asia,India,Airport Kiosk India,Espresso,Drink,99,3.5,346.5,198.0,148.5
1313,2024-01-04,Asia,China,Downtown China,Cold Brew,Drink,35,4.5,157.5,98.0,59.5
1314,2024-05-23,Asia,Japan,Business District Japan,Cold Brew,Drink,78,4.5,351.0,218.4,132.6
1315,2024-03-05,Europe,UK,Mall Outlet UK,Americano,Drink,96,3.8,364.8,201.6,163.2
1316,2024-02-02,Asia,Japan,Downtown Japan,Chocolate Croissant,Snack,88,3.0,264.0,132.0,132.0
1317,2024-03-29,Europe,Germany,Business District Germany,Cold Brew,Drink,87,4.5,391.5,243.6,147.9
1318,2024-03-09,North America,Mexico,Mall Outlet Mexico,Cold Brew,Drink,94,4.5,423.0,263.2,159.8
1319,2024-04-04,Africa,South Africa,Business District South Africa,Latte,Drink,67,4.0,268.0,167.5,100.5
1320,2024-06-16,Africa,South Africa,University Cafe South Africa,Americano,Drink,68,3.8,258.4,142.8,115.6
1321,2024-05-25,South America,Argentina,Airport Kiosk Argentina,Cold Brew,Drink,73,4.5,328.5,204.4,124.1
1322,2024-06-08,Africa,Kenya,Downtown Kenya,Espresso,Drink,75,3.5,262.5,150.0,112.5
1323,2024-01-18,Africa,South Africa,University Cafe South Africa,Bagel,Snack,46,2.8,128.8,64.4,64.4
1324,2024-02-22,South America,Brazil,Business District Brazil,Espresso,Drink,78,3.5,273.0,156.0,117.0
1325,2024-03-10,Africa,South Africa,Mall Outlet South Africa,Americano,Drink,70,3.8,266.0,147.0,119.0
1326,2024-02-24,Africa,Kenya,Downtown Kenya,Blueberry Muffin,Snack,94,2.5,235.0,112.8,122.2
1327,2024-01-27,Europe,Germany,University Cafe Germany,Americano,Drink,21,3.8,79.8,44.1,35.7
1328,2024-03-25,Asia,Japan,Airport Kiosk Japan,Cold Brew,Drink,85,4.5,382.5,238.0,144.5
1329,2024-03-22,Asia,India,University Cafe India,Bagel,Snack,90,2.8,252.0,126.0,126.0
1330,2024-04-18,Africa,South Africa,Downtown South Africa,Chocolate Croissant,Snack,63,3.0,189.0,94.5,94.5
1331,2024-05-17,Europe,Germany,Business District Germany,Latte,Drink,94,4.0,376.0,235.0,141.0
1332,2024-02-10,South America,Brazil,Mall Outlet Brazil,Chocolate Croissant,Snack,68,3.0,204.0,102.0,102.0
1333,2024-02-15,Asia,China,Mall Outlet China,Espresso,Drink,68,3.5,238.0,136.0,102.0
1334,2024-01-23,Asia,India,Airport Kiosk India,Chocolate Croissant,Snack,28,3.0,84.0,42.0,42.0
1335,2024-03-18,North America,Canada,Mall Outlet Canada,Cold Brew,Drink,89,4.5,400.5,249.2,151.3
1336,2024-04-06,North America,USA,University Cafe USA,Cold Brew,Drink,16,4.5,72.0,44.8,27.2
1337,2024-05-22,Asia,China,Business District China,Espresso,Drink,14,3.5,49.0,28.0,21.0
1338,2024-06-29,Europe,UK,Airport Kiosk UK,Bagel,Snack,83,2.8,232.4,116.2,116.2
1339,2024-03-10,North America,USA,Downtown USA,Latte,Drink,35,4.0,140.0,87.5,52.5
1340,2024-03-11,South America,Argentina,Mall Outlet Argentina,Espresso,Drink,64,3.5,224.0,128.0,96.0
1341,2024-03-05,Africa,South Africa,Downtown South Africa,Americano,Drink,23,3.8,87.4,48.3,39.1
1342,2024-04-10,North America,Canada,Airport Kiosk Canada,Cappuccino,Drink,63,4.2,264.6,170.1,94.5
1343,2024-06-02,Africa,Kenya,University Cafe Kenya,Espresso,Drink,89,3.5,311.5,178.0,133.5
1344,2024-06-10,Asia,China,Airport Kiosk China,Blueberry Muffin,Snack,91,2.5,227.5,109.2,118.3
1345,2024-03-26,South America,Brazil,Downtown Brazil,Blueberry Muffin,Snack,94,2.5,235.0,112.8,122.2
1346,2024-05-30,Africa,South Africa,Business District South Africa,Cold Brew,Drink,27,4.5,121.5,75.6,45.9
1347,2024-06-13,Europe,UK,Downtown UK,Blueberry Muffin,Snack,66,2.5,165.0,79.2,85.8
1348,2024-02-15,Europe,UK,Mall Outlet UK,Blueberry Muffin,Snack,53,2.5,132.5,63.6,68.9
1349,2024-05-20,South America,Brazil,Mall Outlet Brazil,Latte,Drink,29,4.0,116.0,72.5,43.5
1350,2024-04-01,South America,Argentina,Mall Outlet Argentina,Cappuccino,Drink,100,4.2,420.0,270.0,150.0
1351,2024-05-07,Asia,India,Airport Kiosk India,Espresso,Drink,12,3.5,42.0,24.0,18.0
1352,2024-03-11,Asia,India,University Cafe India,Latte,Drink,67,4.0,268.0,167.5,100.5
1353,2024-06-13,North America,Canada,Business District Canada,Espresso,Drink,98,3.5,343.0,196.0,147.0
1354,2024-01-29,Africa,South Africa,University Cafe South Africa,Bagel,Snack,90,2.8,252.0,126.0,126.0
1355,2024-05-15,Africa,Kenya,Mall Outlet Kenya,Latte,Drink,59,4.0,236.0,147.5,88.5
1356,2024-02-29,Africa,Kenya,Airport Kiosk Kenya,Cold Brew,Drink,11,4.5,49.5,30.8,18.7
1357,2024-02-02,Asia,Japan,Airport Kiosk Japan,Americano,Drink,43,3.8,163.4,90.3,73.1
1358,2024-06-08,Africa,South Africa,Business District South Africa,Cold Brew,Drink,30,4.5,135.0,84.0,51.0
1359,2024-04-09,South America,Argentina,Downtown Argentina,Blueberry Muffin,Snack,52,2.5,130.0,62.4,67.6
1360,2024-04-27,Europe,Germany,Business District Germany,Espresso,Drink,55,3.5,192.5,110.0,82.5
1361,2024-03-09,Asia,China,Airport Kiosk China,Cappuccino,Drink,79,4.2,331.8,213.3,118.5
1362,2024-01-13,Africa,South Africa,Airport Kiosk South Africa,Blueberry Muffin,Snack,34,2.5,85.0,40.8,44.2
1363,2024-02-23,Asia,India,Mall Outlet India,Cappuccino,Drink,86,4.2,361.2,232.2,129.0
1364,2024-06-23,Africa,South Africa,Downtown South Africa,Espresso,Drink,11,3.5,38.5,22.0,16.5
1365,2024-01-04,Europe,UK,University Cafe UK,Americano,Drink,67,3.8,254.6,140.7,113.9
1366,2024-02-10,Africa,South Africa,University Cafe South Africa,Americano,Drink,56,3.8,212.8,117.6,95.2
1367,2024-01-09,South America,Brazil,Mall Outlet Brazil,Latte,Drink,32,4.0,128.0,80.0,48.0
1368,2024-06-14,North America,Mexico,Airport Kiosk Mexico,Chocolate Croissant,Snack,82,3.0,246.0,123.0,123.0
1369,2024-01-30,Africa,Kenya,Mall Outlet Kenya,Cappuccino,Drink,42,4.2,176.4,113.4,63.0
1370,2024-05-04,Europe,France,Downtown France,Espresso,Drink,97,3.5,339.5,194.0,145.5
1371,2024-05-14,Asia,India,University Cafe India,Cold Brew,Drink,82,4.5,369.0,229.6,139.4
1372,2024-05-12,Asia,India,Mall Outlet India,Bagel,Snack,58,2.8,162.4,81.2,81.2
1373,2024-05-09,South America,Brazil,Mall Outlet Brazil,Blueberry Muffin,Snack,67,2.5,167.5,80.4,87.1
1374,2024-02-20,Europe,Germany,Airport Kiosk Germany,Latte,Drink,83,4.0,332.0,207.5,124.5
1375,2024-02-08,Asia,Japan,University Cafe Japan,Chocolate Croissant,Snack,91,3.0,273.0,136.5,136.5
1376,2024-06-01,Europe,France,Mall Outlet France,Americano,Drink,53,3.8,201.4,111.3,90.1
1377,2024-06-14,Africa,Kenya,Business District Kenya,Chocolate Croissant,Snack,62,3.0,186.0,93.0,93.0
1378,2024-01-11,Africa,Kenya,Mall Outlet Kenya,Blueberry Muffin,Snack,26,2.5,65.0,31.2,33.8
1379,2024-05-12,Asia,Japan,Downtown Japan,Americano,Drink,64,3.8,243.2,134.4,108.8
1380,2024-05-31,Asia,India,Airport Kiosk India,Latte,Drink,93,4.0,372.0,232.5,139.5
1381,2024-06-28,South America,Brazil,Business District Brazil,Cold Brew,Drink,74,4.5,333.0,207.2,125.8
1382,2024-06-12,North America,Mexico,Business District Mexico,Americano,Drink,68,3.8,258.4,142.8,115.6
1383,2024-05-17,North America,Mexico,Airport Kiosk Mexico,Bagel,Snack,27,2.8,75.6,37.8,37.8
1384,2024-01-17,North America,USA,Business District USA,Bagel,Snack,86,2.8,240.8,120.4,120.4
1385,2024-06-23,Europe,UK,University Cafe UK,Chocolate Croissant,Snack,73,3.0,219.0,109.5,109.5
1386,2024-01-28,North America,USA,Downtown USA,Espresso,Drink,62,3.5,217.0,124.0,93.0
1387,2024-05-20,Asia,India,Downtown India,Latte,Drink,75,4.0,300.0,187.5,112.5
1388,2024-06-23,Africa,Kenya,University Cafe Kenya,Blueberry Muffin,Snack,27,2.5,67.5,32.4,35.1
1389,2024-02-02,North America,Canada,Downtown Canada,Chocolate Croissant,Snack,15,3.0,45.0,22.5,22.5
1390,2024-02-01,Europe,UK,University Cafe UK,Cappuccino,Drink,85,4.2,357.0,229.5,127.5
1391,2024-04-15,North America,USA,Business District USA,Espresso,Drink,37,3.5,129.5,74.0,55.5
1392,2024-01-02,North America,Canada,Downtown Canada,Bagel,Snack,23,2.8,64.4,32.2,32.2
1393,2024-02-15,Africa,Kenya,University Cafe Kenya,Espresso,Drink,45,3.5,157.5,90.0,67.5
1394,2024-02-11,Asia,China,Mall Outlet China,Cold Brew,Drink,85,4.5,382.5,238.0,144.5
1395,2024-04-05,Europe,Germany,Business District Germany,Cold Brew,Drink,99,4.5,445.5,277.2,168.3
1396,2024-04-21,Asia,India,Airport Kiosk India,Chocolate Croissant,Snack,72,3.0,216.0,108.0,108.0
1397,2024-06-06,South America,Argentina,Airport Kiosk Argentina,Blueberry Muffin,Snack,58,2.5,145.0,69.6,75.4
1398,2024-01-28,South America,Brazil,Business District Brazil,Cappuccino,Drink,80,4.2,336.0,216.0,120.0
1399,2024-03-14,Africa,South Africa,Downtown South Africa,Cold Brew,Drink,71,4.5,319.5,198.8,120.7
1400,2024-01-11,Africa,South Africa,Downtown South Africa,Blueberry Muffin,Snack,17,2.5,42.5,20.4,22.1
1401,2024-03-25,South America,Brazil,Downtown Brazil,Latte,Drink,34,4.0,136.0,85.0,51.0
1402,2024-06-10,Europe,Germany,University Cafe Germany,Cappuccino,Drink,39,4.2,163.8,105.3,58.5
1403,2024-05-01,South America,Argentina,University Cafe Argentina,Chocolate Croissant,Snack,55,3.0,165.0,82.5,82.5
1404,2024-01-14,Africa,South Africa,Mall Outlet South Africa,Latte,Drink,88,4.0,352.0,220.0,132.0
1405,2024-02-21,North America,USA,Airport Kiosk USA,Cold Brew,Drink,55,4.5,247.5,154.0,93.5
1406,2024-01-22,Europe,UK,University Cafe UK,Latte,Drink,96,4.0,384.0,240.0,144.0
1407,2024-01-01,Europe,France,Mall Outlet France,Latte,Drink,33,4.0,132.0,82.5,49.5
1408,2024-02-28,Asia,India,University Cafe India,Cappuccino,Drink,28,4.2,117.6,75.6,42.0
1409,2024-06-17,South America,Brazil,Airport Kiosk Brazil,Chocolate Croissant,Snack,45,3.0,135.0,67.5,67.5
1410,2024-05-17,Asia,Japan,Business District Japan,Espresso,Drink,34,3.5,119.0,68.0,51.0
1411,2024-02-28,Asia,China,University Cafe China,Latte,Drink,57,4.0,228.0,142.5,85.5
1412,2024-06-23,North America,USA,Downtown USA,Americano,Drink,74,3.8,281.2,155.4,125.8
1413,2024-01-10,Africa,Kenya,Downtown Kenya,Blueberry Muffin,Snack,88,2.5,220.0,105.6,114.4
1414,2024-06-28,Europe,UK,Mall Outlet UK,Chocolate Croissant,Snack,79,3.0,237.0,118.5,118.5
1415,2024-05-26,Europe,France,Mall Outlet France,Espresso,Drink,68,3.5,238.0,136.0,102.0
1416,2024-04-04,South America,Argentina,Business District Argentina,Latte,Drink,49,4.0,196.0,122.5,73.5
1417,2024-01-04,Africa,Kenya,Mall Outlet Kenya,Espresso,Drink,21,3.5,73.5,42.0,31.5
1418,2024-03-23,South America,Brazil,Airport Kiosk Brazil,Cappuccino,Drink,60,4.2,252.0,162.0,90.0
1419,2024-05-30,South America,Argentina,Mall Outlet Argentina,Latte,Drink,34,4.0,136.0,85.0,51.0
1420,2024-03-05,Asia,Japan,University Cafe Japan,Americano,Drink,56,3.8,212.8,117.6,95.2
1421,2024-06-21,South America,Brazil,Business District Brazil,Cappuccino,Drink,41,4.2,172.2,110.7,61.5
1422,2024-04-11,Europe,UK,Downtown UK,Blueberry Muffin,Snack,48,2.5,120.0,57.6,62.4
1423,2024-06-29,Asia,India,Business District India,Americano,Drink,92,3.8,349.6,193.2,156.4
1424,2024-01-27,South America,Argentina,Airport Kiosk Argentina,Bagel,Snack,21,2.8,58.8,29.4,29.4
1425,2024-03-11,Africa,Kenya,Mall Outlet Kenya,Americano,Drink,68,3.8,258.4,142.8,115.6
1426,2024-05-06,North America,Canada,Mall Outlet Canada,Espresso,Drink,14,3.5,49.0,28.0,21.0
1427,2024-04-11,Europe,UK,Airport Kiosk UK,Cold Brew,Drink,75,4.5,337.5,210.0,127.5
1428,2024-05-11,Europe,France,Downtown France,Latte,Drink,17,4.0,68.0,42.5,25.5
1429,2024-05-10,Africa,South Africa,University Cafe South Africa,Espresso,Drink,78,3.5,273.0,156.0,117.0
1430,2024-04-29,South America,Argentina,Downtown Argentina,Espresso,Drink,57,3.5,199.5,114.0,85.5
1431,2024-05-03,Europe,Germany,University Cafe Germany,Latte,Drink,98,4.0,392.0,245.0,147.0
1432,2024-06-13,South America,Argentina,Mall Outlet Argentina,Espresso,Drink,94,3.5,329.0,188.0,141.0
1433,2024-02-07,Asia,India,Airport Kiosk India,Chocolate Croissant,Snack,87,3.0,261.0,130.5,130.5
1434,2024-02-03,Europe,Germany,Airport Kiosk Germany,Americano,Drink,57,3.8,216.6,119.7,96.9
1435,2024-06-22,Europe,Germany,Mall Outlet Germany,Cappuccino,Drink,77,4.2,323.4,207.9,115.5
1436,2024-04-19,Europe,France,University Cafe France,Cappuccino,Drink,81,4.2,340.2,218.7,121.5
1437,2024-05-05,Asia,India,Business District India,Cappuccino,Drink,38,4.2,159.6,102.6,57.0
1438,2024-04-13,Asia,China,Mall Outlet China,Cappuccino,Drink,96,4.2,403.2,259.2,144.0
1439,2024-04-15,Africa,South Africa,Mall Outlet South Africa,Blueberry Muffin,Snack,99,2.5,247.5,118.8,128.7
1440,2024-05-17,Africa,South Africa,Business District South Africa,Cold Brew,Drink,34,4.5,153.0,95.2,57.8
1441,2024-01-29,Africa,Kenya,Downtown Kenya,Blueberry Muffin,Snack,28,2.5,70.0,33.6,36.4
1442,2024-04-25,South America,Brazil,Business District Brazil,Cold Brew,Drink,99,4.5,445.5,277.2,168.3
1443,2024-04-15,South America,Brazil,Downtown Brazil,Cappuccino,Drink,57,4.2,239.4,153.9,85.5
1444,2024-05-19,Asia,India,Airport Kiosk India,Cold Brew,Drink,48,4.5,216.0,134.4,81.6
1445,2024-05-03,Africa,Kenya,Downtown Kenya,Chocolate Croissant,Snack,28,3.0,84.0,42.0,42.0
1446,2024-05-05,North America,Mexico,University Cafe Mexico,Americano,Drink,10,3.8,38.0,21.0,17.0
1447,2024-06-28,South America,Brazil,Business District Brazil,Bagel,Snack,51,2.8,142.8,71.4,71.4
1448,2024-03-06,North America,Canada,University Cafe Canada,Latte,Drink,16,4.0,64.0,40.0,24.0
1449,2024-01-16,Europe,Germany,Airport Kiosk Germany,Americano,Drink,42,3.8,159.6,88.2,71.4
1450,2024-06-03,Africa,South Africa,Airport Kiosk South Africa,Espresso,Drink,74,3.5,259.0,148.0,111.0
1451,2024-06-02,North America,Mexico,Airport Kiosk Mexico,Americano,Drink,31,3.8,117.8,65.1,52.7
1452,2024-04-17,Europe,France,Business District France,Cold Brew,Drink,54,4.5,243.0,151.2,91.8
1453,2024-05-13,Europe,Germany,University Cafe Germany,Bagel,Snack,44,2.8,123.2,61.6,61.6
1454,2024-03-23,Africa,South Africa,Business District South Africa,Cappuccino,Drink,26,4.2,109.2,70.2,39.0
1455,2024-04-08,Africa,South Africa,Business District South Africa,Americano,Drink,47,3.8,178.6,98.7,79.9
1456,2024-01-13,South America,Brazil,Downtown Brazil,Latte,Drink,62,4.0,248.0,155.0,93.0
1457,2024-06-22,South America,Argentina,Mall Outlet Argentina,Latte,Drink,50,4.0,200.0,125.0,75.0
1458,2024-06-19,South America,Argentina,University Cafe Argentina,Bagel,Snack,94,2.8,263.2,131.6,131.6
1459,2024-03-15,Africa,Kenya,University Cafe Kenya,Cappuccino,Drink,33,4.2,138.6,89.1,49.5
1460,2024-03-10,North America,Mexico,Mall Outlet Mexico,Chocolate Croissant,Snack,36,3.0,108.0,54.0,54.0
1461,2024-05-19,Africa,Kenya,Mall Outlet Kenya,Bagel,Snack,66,2.8,184.8,92.4,92.4
1462,2024-05-29,North America,USA,Mall Outlet USA,Latte,Drink,80,4.0,320.0,200.0,120.0
1463,2024-02-29,Africa,South Africa,University Cafe South Africa,Latte,Drink,65,4.0,260.0,162.5,97.5
1464,2024-06-07,Africa,Kenya,University Cafe Kenya,Americano,Drink,65,3.8,247.0,136.5,110.5
1465,2024-01-04,South America,Argentina,University Cafe Argentina,Bagel,Snack,60,2.8,168.0,84.0,84.0
1466,2024-05-21,Europe,France,University Cafe France,Cold Brew,Drink,52,4.5,234.0,145.6,88.4
1467,2024-03-23,Africa,Kenya,Downtown Kenya,Americano,Drink,85,3.8,323.0,178.5,144.5
1468,2024-05-08,Europe,Germany,Mall Outlet Germany,Cappuccino,Drink,56,4.2,235.2,151.2,84.0
1469,2024-05-14,Europe,France,Airport Kiosk France,Cappuccino,Drink,86,4.2,361.2,232.2,129.0
1470,2024-06-24,Asia,India,Downtown India,Blueberry Muffin,Snack,20,2.5,50.0,24.0,26.0
1471,2024-04-04,Africa,Kenya,Mall Outlet Kenya,Blueberry Muffin,Snack,64,2.5,160.0,76.8,83.2
1472,2024-02-29,Europe,France,Downtown France,Espresso,Drink,45,3.5,157.5,90.0,67.5
1473,2024-06-10,Africa,Kenya,Mall Outlet Kenya,Chocolate Croissant,Snack,51,3.0,153.0,76.5,76.5
1474,2024-04-09,Europe,UK,Downtown UK,Espresso,Drink,58,3.5,203.0,116.0,87.0
1475,2024-02-11,North America,Canada,Downtown Canada,Espresso,Drink,94,3.5,329.0,188.0,141.0
1476,2024-05-17,Africa,South Africa,Mall Outlet South Africa,Bagel,Snack,97,2.8,271.6,135.8,135.8
1477,2024-05-31,Asia,India,Business District India,Cappuccino,Drink,75,4.2,315.0,202.5,112.5
1478,2024-01-17,Europe,UK,Airport Kiosk UK,Cold Brew,Drink,52,4.5,234.0,145.6,88.4
1479,2024-03-26,Asia,Japan,Downtown Japan,Bagel,Snack,57,2.8,159.6,79.8,79.8
1480,2024-05-15,Europe,Germany,Airport Kiosk Germany,Americano,Drink,67,3.8,254.6,140.7,113.9
1481,2024-03-02,Europe,Germany,University Cafe Germany,Espresso,Drink,15,3.5,52.5,30.0,22.5
1482,2024-05-15,Asia,Japan,Business District Japan,Latte,Drink,73,4.0,292.0,182.5,109.5
1483,2024-06-14,North America,USA,Airport Kiosk USA,Chocolate Croissant,Snack,16,3.0,48.0,24.0,24.0
1484,2024-01-11,North America,Canada,Business District Canada,Blueberry Muffin,Snack,26,2.5,65.0,31.2,33.8
1485,2024-06-14,Asia,China,University Cafe China,Espresso,Drink,89,3.5,311.5,178.0,133.5
1486,2024-01-02,Europe,UK,Business District UK,Espresso,Drink,23,3.5,80.5,46.0,34.5
1487,2024-04-11,Europe,UK,Business District UK,Cold Brew,Drink,81,4.5,364.5,226.8,137.7
1488,2024-04-10,Africa,Kenya,Downtown Kenya,Blueberry Muffin,Snack,69,2.5,172.5,82.8,89.7
1489,2024-06-02,North America,USA,Mall Outlet USA,Cappuccino,Drink,94,4.2,394.8,253.8,141.0
1490,2024-04-27,Europe,UK,Mall Outlet UK,Espresso,Drink,12,3.5,42.0,24.0,18.0
1491,2024-03-29,Europe,UK,Mall Outlet UK,Cold Brew,Drink,62,4.5,279.0,173.6,105.4
1492,2024-03-24,South America,Argentina,Downtown Argentina,Chocolate Croissant,Snack,85,3.0,255.0,127.5,127.5
1493,2024-04-21,North America,USA,University Cafe USA,Cappuccino,Drink,22,4.2,92.4,59.4,33.0
1494,2024-01-09,Africa,Kenya,University Cafe Kenya,Bagel,Snack,86,2.8,240.8,120.4,120.4
1495,2024-05-30,South America,Brazil,Business District Brazil,Cappuccino,Drink,92,4.2,386.4,248.4,138.0
1496,2024-02-26,South America,Brazil,Business District Brazil,Chocolate Croissant,Snack,42,3.0,126.0,63.0,63.0
1497,2024-04-05,North America,Canada,University Cafe Canada,Americano,Drink,64,3.8,243.2,134.4,108.8
1498,2024-03-13,South America,Brazil,Mall Outlet Brazil,Americano,Drink,37,3.8,140.6,77.7,62.9
1499,2024-02-17,South America,Argentina,Airport Kiosk Argentina,Cappuccino,Drink,10,4.2,42.0,27.0,15.0
1500,2024-01-21,Africa,Kenya,Mall Outlet Kenya,Espresso,Drink,98,3.5,343.0,196.0,147.0
